[
  {
    "id": "4f0349a4-756b-40a4-866c-b8468eddf838",
    "data": [
      {
        "text": "How\u0027s the weather in ",
        "userDefined": false
      },
      {
        "text": "Paris",
        "meta": "@sys.geo-city",
        "alias": "geo-city",
        "userDefined": false
      },
      {
        "text": "?",
        "userDefined": false
      }
    ],
    "isTemplate": false,
    "count": 0,
    "lang": "en",
    "updated": 0
  },
  {
    "id": "dc823362-dde6-4b04-ac56-7e117cf17788",
    "data": [
      {
        "text": "What is the current weather?",
        "userDefined": false
      }
    ],
    "isTemplate": false,
    "count": 0,
    "lang": "en",
    "updated": 0
  },
  {
    "id": "5266a762-5373-4624-90f5-02aa727d5263",
    "data": [
      {
        "text": "Weather in ",
        "userDefined": false
      },
      {
        "text": "New York",
        "meta": "@sys.geo-city",
        "alias": "geo-city",
        "userDefined": false
      }
    ],
    "isTemplate": false,
    "count": 0,
    "lang": "en",
    "updated": 0
  },
  {
    "id": "bad9fa2d-7cb8-4cad-8c19-900315469a33",
    "data": [
      {
        "text": "Tell me weather in ",
        "userDefined": false
      },
      {
        "text": "Karachi",
        "meta": "@sys.geo-city",
        "alias": "geo-city",
        "userDefined": false
      }
    ],
    "isTemplate": false,
    "count": 0,
    "lang": "en",
    "updated": 0
  },
  {
    "id": "90bb9320-bd40-41c8-b0f7-4c9702138721",
    "data": [
      {
        "text": "What\u0027s the weather in ",
        "userDefined": false
      },
      {
        "text": "London",
        "meta": "@sys.geo-city",
        "alias": "geo-city",
        "userDefined": false
      },
      {
        "text": "?",
        "userDefined": false
      }
    ],
    "isTemplate": false,
    "count": 0,
    "lang": "en",
    "updated": 0
  }
]