[
  {
    "id": "7c4b518c-48a0-496a-b9ab-c97bc2c65c00",
    "data": [
      {
        "text": "No thanks",
        "userDefined": false
      }
    ],
    "isTemplate": false,
    "count": 0,
    "lang": "en",
    "updated": 0
  },
  {
    "id": "c57beca5-35a4-42c6-aff6-64ebf8b44b1a",
    "data": [
      {
        "text": "Bye",
        "userDefined": false
      }
    ],
    "isTemplate": false,
    "count": 0,
    "lang": "en",
    "updated": 0
  },
  {
    "id": "32f903d1-c5e1-4734-a962-226b3e0d3e3c",
    "data": [
      {
        "text": "Goodbye",
        "userDefined": false
      }
    ],
    "isTemplate": false,
    "count": 0,
    "lang": "en",
    "updated": 0
  }
]