[
  {
    "id": "73e7532f-c2a1-47ad-9911-9d3f4b495752",
    "data": [
      {
        "text": "What\u0027s the weather Forecast for ",
        "userDefined": false
      },
      {
        "text": "Islamabad",
        "meta": "@sys.geo-city",
        "alias": "geo-city",
        "userDefined": true
      },
      {
        "text": " ",
        "userDefined": false
      },
      {
        "text": "from May 10 to May 15",
        "meta": "@sys.date-period",
        "alias": "date-period",
        "userDefined": true
      },
      {
        "text": "?",
        "userDefined": false
      }
    ],
    "isTemplate": false,
    "count": 0,
    "lang": "en",
    "updated": 0
  },
  {
    "id": "7d1c5524-2240-4dcc-b60a-791b8e3dc2e5",
    "data": [
      {
        "text": "Give me Weather Forecast for ",
        "userDefined": false
      },
      {
        "text": "Lahore",
        "meta": "@sys.geo-city",
        "alias": "geo-city",
        "userDefined": false
      },
      {
        "text": " ",
        "userDefined": false
      },
      {
        "text": "from this Saturday to next Thursday",
        "meta": "@sys.date-period",
        "alias": "date-period",
        "userDefined": true
      }
    ],
    "isTemplate": false,
    "count": 0,
    "lang": "en",
    "updated": 0
  },
  {
    "id": "d7b9a522-ab48-4ac8-acf1-da87544eed6b",
    "data": [
      {
        "text": "Tell me the Weather Forecast for ",
        "userDefined": false
      },
      {
        "text": "Karachi",
        "meta": "@sys.geo-city",
        "alias": "geo-city",
        "userDefined": false
      },
      {
        "text": " ",
        "userDefined": false
      },
      {
        "text": "from today to Friday",
        "meta": "@sys.date-period",
        "alias": "date-period",
        "userDefined": true
      }
    ],
    "isTemplate": false,
    "count": 0,
    "lang": "en",
    "updated": 0
  }
]